Place ID,Hotel Name,Zip Code
ChIJAfpPdXxBW4YRO6XfjhNljB0,"Holiday Inn Express & Suites Dripping Springs - Austin Area, an IHG Hotel",78620
ChIJrVcv0tK2RIYRtN_rna_wKJc,Hilton Austin Airport,78742
ChIJl1yysurFRIYRTqqwUF8oekY,Courtyard by Marriott Austin Pflugerville and Pflugerville Conference Center,78660
ChIJ-YezuukrW4YRBhhVov6-nm8,"Holiday Inn Express & Suites Leander, an IHG Hotel",78641
ChIJlT18A27WRIYRQgDZdszRsY4,Hampton Inn & Suites Georgetown/Austin North,78626
ChIJAeRpA9BLW4YRn1cgdXANfwg,Hampton Inn Austin/Oak Hill,78735
ChIJOY9hH9WwRIYRqM2kb3yYox8,Quality Inn & Suites Airport,78742
ChIJNWdItdLRRIYREhCIqc9t5Qo,La Quinta Inn & Suites by Wyndham Round Rock East,
ChIJEzpMBBFLW4YRFAknIg6A4vY,"Holiday Inn Express & Suites Austin SW - Sunset Valley, an IHG Hotel",78735
ChIJy5LlrzKxRIYR-qAGdNhV7j8,Hyatt Place Austin Airport,78742
ChIJjWKkwF2zRIYRExH9r6uUrVc,"Holiday Inn Express & Suites Austin South, an IHG Hotel",78745
ChIJb3oIl7YzW4YRCqboDAtGsi0,"Holiday Inn Express & Suites Austin NW - Four Points, an IHG Hotel",78726
ChIJ63njs40zW4YRQyEvvQ-fJDI,Residence Inn by Marriott Austin Lake Travis/River Place,78730
ChIJY6DBQuozW4YRhihkSZch_SY,Hyatt Place Austin / Lake Travis / Four Points,78726
ChIJ8XayZ_4sW4YR5ODHxQCL6cQ,Hampton Inn & Suites Cedar Park North Austin,78613
ChIJD5TOQoI1W4YR4KImGQGHcfc,Hotel Viata,78746
ChIJC9aV6a62RIYRNNK3WC_gBj8,La Quinta Inn & Suites by Wyndham Austin Airport,78741
ChIJKXiqaKtGW4YROaVXNMkboi0,Sleep Inn & Suites,78620
ChIJj9dtEqi1RIYRaUVSQdHpaiA,Hilton Austin,78701
ChIJ9-avaXW1RIYRjjlM-dATa08,DoubleTree Suites by Hilton Hotel Austin,78701
ChIJeSlGm0NBW4YRRe7MDexSZIw,Courtyard by Marriott Austin Dripping Springs,78620
ChIJm7phaA9UW4YRabjlUa0Zlo4,Hampton Inn Kyle,78640
ChIJL-8ME-8sW4YRWAZBP-K7iWs,Hyatt Place Austin / Cedar Park,78641
ChIJg0SBLgRUW4YR7nsm1RPM6TA,Comfort Suites Kyle,78640
ChIJX6jhcGc5W4YRoNFBJKqzMkk,SpringHill Suites by Marriott Austin West/Lakeway,78738
ChIJJcowEBrRRIYRIkuF8-JlcwY,Embassy Suites by Hilton Round Rock,78665
ChIJjQHorFTXRIYRbihfGnv_DnA,Fairfield Inn & Suites by Marriott Austin Georgetown,78626
ChIJ043hFifWRIYRy2kaaYv5v4s,"Holiday Inn Express & Suites Georgetown, an IHG Hotel",78628
ChIJ3____6_TRIYR7fJkpY7hWFk,Hilton Garden Inn Austin/Round Rock,78681
ChIJo0UCBJDRRIYRMvOAPe3xhZY,Wingate by Wyndham Round Rock Hotel & Conference Center,78664
ChIJsUAikGzWRIYRuXCh7HlFqIU,Best Western Plus Georgetown Inn & Suites,78626
ChIJh9ddSZ3LRIYRy0hG-gCvS0k,DoubleTree by Hilton Hotel Austin Northwest Arboretum,78759
ChIJWVAk5T_VRIYRHhsSKwRHMHk,Sheraton Austin Georgetown Hotel & Conference Center,78628
ChIJ7fCNMCLKRIYRdK6eYV47Z8Y,DoubleTree by Hilton Hotel Austin - University Area,78702
ChIJN4TOJvm1RIYRbu55M0wNnPk,Origin Hotel Austin,78723
ChIJ3ckhTjeaRIYRO6cUngXmuLk,Hampton Inn & Suites Bastrop,78602
ChIJEffd9ra1RIYRf_7VN-63NZk,ARRIVE Austin,78702
ChIJz8jz5521RIYReRgy0xor9X4,AT&T Hotel and Conference Center,78705
ChIJV6-0_7IwW4YRkouhlg4e3v8,Holiday Inn Express & Suites Austin NW - Lakeway,78734
ChIJ5XnNKsE3W4YRJoEbPqtYLmo,Sonesta Bee Cave Austin Hill Country,78738
ChIJaXyQrq7bRIYR7f73V7eG3fg,Hampton Inn & Suites Hutto Austin,78634
ChIJD6Skb-NhW4YR9rhKXoTbzBA,Holiday Inn Club Vacations Hill Country Resort at Canyon Lake,78133
ChIJC2tF2wSmXIYRgCAUXqRV_JU,Embassy Suites by Hilton San Marcos Hotel Conference Center,78666
ChIJmbIraajsRIYRaHGMrdpe1wA,Holiday Inn Express & Suites Elgin,78621
ChIJu6d8y5FLW4YRujyM8sPHbhc,Aloft Austin Southwest,78749
ChIJE-DzhZJTW4YRpSz_TYelK3o,Quality Inn & Suites,78610
ChIJsagBHfXMRIYR-YimCQPJHAM,Hilton Garden Inn Austin NW/Arboretum,78859
ChIJWRMcCdo5W4YRTpmHq5Zc6RI,Hampton Inn & Suites Austin - Lakeway,78738
ChIJUx9ULBtLW4YRAifzl1kvT3E,La Quinta Inn & Suites by Wyndham Austin Southwest,78735
ChIJb2XOThbWRIYRja9QNNuqFh0,Days Inn by Wyndham Georgetown,78628
ChIJ1bB6RczErocRZKWal_ndtt4,Best Western Lockhart Hotel & Suites,78644
ChIJo-FD6Zy0RIYRpjq2JN42aeg,SpringHill Suites by Marriott Austin South,78744
ChIJh5gdN4mZRIYR-yebB5Py6V8,Best Western Bastrop Pines Inn,78602
ChIJkw5ZYiPRRIYRNPym0H-uxGQ,The Ruby Hotel & Bar,78664
ChIJ2eIUAhrKRIYRhpLwGK7hG8k,Courtyard by Marriott Austin-University Area,78752
ChIJYxxMo6a1RIYRUCRcjWCnXkQ,"Holiday Inn Express & Suites Austin Downtown - University, an IHG Hotel",78767
ChIJq8vyiFuzRIYRJ8w_MXNSPM8,"Staybridge Suites Austin South Interstate Hwy 35, an IHG Hotel",78745
ChIJs2SkKbe1RIYRAf6jMTOondk,Sentral East Austin at 1630 E. Sixth,78702
ChIJh91qhvy0RIYRtJ71kCXMjsc,South Congress Hotel,78704
ChIJrzd0OtC1RIYRNy6_hO429_A,"Holiday Inn Austin-Town Lake, an IHG Hotel",78701
